[
{"發生年度":"2024","發生月份":"4","發生日期":"20240428","發生時間":"60555","事故類別名稱":"A2","處理單位名稱警局層":"航空警察局","發生地點":"臺北市松山區松山機場國際線排班車站前","天候名稱":"陰","光線名稱":"有照明未開啟或故障","道路類別-第1當事者-名稱":"市區道路","速限-第1當事者":"30","道路型態大類別名稱":"單路部分","道路型態子類別名稱":"直路","事故位置大類別名稱":"路段","事故位置子類別名稱":"一般車道(未劃分快慢車道)","路面狀況-路面鋪裝名稱":"柏油","路面狀況-路面狀態名稱":"乾燥","路面狀況-路面缺陷名稱":"無缺陷","道路障礙-障礙物名稱":"無障礙物","道路障礙-視距品質名稱":"無遮蔽物","道路障礙-視距名稱":"良好","號誌-號誌種類名稱":"行車管制號誌(附設行人專用號誌)","號誌-號誌動作名稱":"正常","車道劃分設施-分向設施大類別名稱":"行車分向線","車道劃分設施-分向設施子類別名稱":"無標記","車道劃分設施-分道設施-快車道或一般車道間名稱":"車道線(無標記)","車道劃分設施-分道設施-快慢車道間名稱":"未繪設快慢車道分隔線","車道劃分設施-分道設施-路面邊線名稱":"無","事故類型及型態大類別名稱":"車輛本身","事故類型及型態子類別名稱":"路上翻車、摔倒","肇因研判大類別名稱-主要":"駕駛者","肇因研判子類別名稱-主要":"未依規定減速","死亡受傷人數":"死亡0;受傷1","當事者順位":"1","當事者區分-類別-大類別名稱-車種":"機車","當事者區分-類別-子類別名稱-車種":"普通輕型","當事者屬-性-別名稱":"男","當事者事故發生時年齡":"39","保護裝備名稱":"戴半罩式安全帽","行動電話或電腦或其他相類功能裝置名稱":"未使用","當事者行動狀態大類別名稱":"車的狀態","當事者行動狀態子類別名稱":"向左變換車道","車輛撞擊部位大類別名稱-最初":"機車與自行車","車輛撞擊部位子類別名稱-最初":"左側車身","車輛撞擊部位大類別名稱-其他":"","車輛撞擊部位子類別名稱-其他":"","肇因研判大類別名稱-個別":"駕駛者","肇因研判子類別名稱-個別":"未依規定減速","肇事逃逸類別名稱-是否肇逃":"否","經度":"121.551839","緯度":"25.063467"}
,
{"發生年度":"2024","發生月份":"4","發生日期":"20240428","發生時間":"60555","事故類別名稱":"A2","處理單位名稱警局層":"航空警察局","發生地點":"臺北市松山區松山機場國際線排班車站前","天候名稱":"陰","光線名稱":"有照明未開啟或故障","道路類別-第1當事者-名稱":"市區道路","速限-第1當事者":"30","道路型態大類別名稱":"單路部分","道路型態子類別名稱":"直路","事故位置大類別名稱":"路段","事故位置子類別名稱":"一般車道(未劃分快慢車道)","路面狀況-路面鋪裝名稱":"柏油","路面狀況-路面狀態名稱":"乾燥","路面狀況-路面缺陷名稱":"無缺陷","道路障礙-障礙物名稱":"無障礙物","道路障礙-視距品質名稱":"無遮蔽物","道路障礙-視距名稱":"良好","號誌-號誌種類名稱":"行車管制號誌(附設行人專用號誌)","號誌-號誌動作名稱":"正常","車道劃分設施-分向設施大類別名稱":"行車分向線","車道劃分設施-分向設施子類別名稱":"無標記","車道劃分設施-分道設施-快車道或一般車道間名稱":"車道線(無標記)","車道劃分設施-分道設施-快慢車道間名稱":"未繪設快慢車道分隔線","車道劃分設施-分道設施-路面邊線名稱":"無","事故類型及型態大類別名稱":"車輛本身","事故類型及型態子類別名稱":"路上翻車、摔倒","肇因研判大類別名稱-主要":"駕駛者","肇因研判子類別名稱-主要":"未依規定減速","死亡受傷人數":"死亡0;受傷1","當事者順位":"2","當事者區分-類別-大類別名稱-車種":"","當事者區分-類別-子類別名稱-車種":"","當事者屬-性-別名稱":"無或物(動物、堆置物)","當事者事故發生時年齡":"-1","保護裝備名稱":"","行動電話或電腦或其他相類功能裝置名稱":"","當事者行動狀態大類別名稱":"","當事者行動狀態子類別名稱":"","車輛撞擊部位大類別名稱-最初":"","車輛撞擊部位子類別名稱-最初":"","車輛撞擊部位大類別名稱-其他":"","車輛撞擊部位子類別名稱-其他":"","肇因研判大類別名稱-個別":"無(非車輛駕駛人因素)","肇因研判子類別名稱-個別":"尚未發現肇事因素","肇事逃逸類別名稱-是否肇逃":"否","經度":"121.551839","緯度":"25.063467"}
,
{"發生年度":"2024","發生月份":"7","發生日期":"20240719","發生時間":"131900","事故類別名稱":"A2","處理單位名稱警局層":"航空警察局","發生地點":"臺北市松山區松山機場第三停車場旁車道","天候名稱":"晴","光線名稱":"有照明未開啟或故障","道路類別-第1當事者-名稱":"市區道路","速限-第1當事者":"30","道路型態大類別名稱":"單路部分","道路型態子類別名稱":"直路","事故位置大類別名稱":"其他","事故位置子類別名稱":"行人穿越道","路面狀況-路面鋪裝名稱":"柏油","路面狀況-路面狀態名稱":"乾燥","路面狀況-路面缺陷名稱":"無缺陷","道路障礙-障礙物名稱":"無障礙物","道路障礙-視距品質名稱":"無遮蔽物","道路障礙-視距名稱":"良好","號誌-號誌種類名稱":"無號誌","號誌-號誌動作名稱":"無號誌","車道劃分設施-分向設施大類別名稱":"雙向禁止超車線","車道劃分設施-分向設施子類別名稱":"無標記","車道劃分設施-分道設施-快車道或一般車道間名稱":"車道線(無標記)","車道劃分設施-分道設施-快慢車道間名稱":"未繪設快慢車道分隔線","車道劃分設施-分道設施-路面邊線名稱":"無","事故類型及型態大類別名稱":"人與車","事故類型及型態子類別名稱":"穿越道路中","肇因研判大類別名稱-主要":"駕駛者","肇因研判子類別名稱-主要":"車輛未依規定暫停讓行人先行","死亡受傷人數":"死亡0;受傷1","當事者順位":"1","當事者區分-類別-大類別名稱-車種":"小客車(含客、貨兩用)","當事者區分-類別-子類別名稱-車種":"自用","當事者屬-性-別名稱":"男","當事者事故發生時年齡":"57","保護裝備名稱":"繫安全帶(使用幼童安全椅)","行動電話或電腦或其他相類功能裝置名稱":"未使用","當事者行動狀態大類別名稱":"車的狀態","當事者行動狀態子類別名稱":"向前直行中","車輛撞擊部位大類別名稱-最初":"汽車","車輛撞擊部位子類別名稱-最初":"前車頭","車輛撞擊部位大類別名稱-其他":"汽車","車輛撞擊部位子類別名稱-其他":"前車頭","肇因研判大類別名稱-個別":"駕駛者","肇因研判子類別名稱-個別":"車輛未依規定暫停讓行人先行","肇事逃逸類別名稱-是否肇逃":"否","經度":"121.553563","緯度":"25.06305"}
,
{"發生年度":"2024","發生月份":"7","發生日期":"20240719","發生時間":"131900","事故類別名稱":"A2","處理單位名稱警局層":"航空警察局","發生地點":"臺北市松山區松山機場第三停車場旁車道","天候名稱":"晴","光線名稱":"有照明未開啟或故障","道路類別-第1當事者-名稱":"市區道路","速限-第1當事者":"30","道路型態大類別名稱":"單路部分","道路型態子類別名稱":"直路","事故位置大類別名稱":"其他","事故位置子類別名稱":"行人穿越道","路面狀況-路面鋪裝名稱":"柏油","路面狀況-路面狀態名稱":"乾燥","路面狀況-路面缺陷名稱":"無缺陷","道路障礙-障礙物名稱":"無障礙物","道路障礙-視距品質名稱":"無遮蔽物","道路障礙-視距名稱":"良好","號誌-號誌種類名稱":"無號誌","號誌-號誌動作名稱":"無號誌","車道劃分設施-分向設施大類別名稱":"雙向禁止超車線","車道劃分設施-分向設施子類別名稱":"無標記","車道劃分設施-分道設施-快車道或一般車道間名稱":"車道線(無標記)","車道劃分設施-分道設施-快慢車道間名稱":"未繪設快慢車道分隔線","車道劃分設施-分道設施-路面邊線名稱":"無","事故類型及型態大類別名稱":"人與車","事故類型及型態子類別名稱":"穿越道路中","肇因研判大類別名稱-主要":"駕駛者","肇因研判子類別名稱-主要":"車輛未依規定暫停讓行人先行","死亡受傷人數":"死亡0;受傷1","當事者順位":"2","當事者區分-類別-大類別名稱-車種":"人","當事者區分-類別-子類別名稱-車種":"行人","當事者屬-性-別名稱":"男","當事者事故發生時年齡":"29","保護裝備名稱":"其他(無需使用保護裝備之人)","行動電話或電腦或其他相類功能裝置名稱":"非駕駛人","當事者行動狀態大類別名稱":"人的狀態","當事者行動狀態子類別名稱":"步行","車輛撞擊部位大類別名稱-最初":"其他","車輛撞擊部位子類別名稱-最初":"非汽、機及自行車","車輛撞擊部位大類別名稱-其他":"其他","車輛撞擊部位子類別名稱-其他":"非汽、機及自行車","肇因研判大類別名稱-個別":"無(非車輛駕駛人因素)","肇因研判子類別名稱-個別":"尚未發現肇事因素","肇事逃逸類別名稱-是否肇逃":"否","經度":"121.553563","緯度":"25.06305"}

]
